{"cameraMode":{"drawMode":0,"name":"Shaded","section":"Shading Mode"},"sceneLighting":true,"audioPlay":false,"sceneViewState":{"m_AlwaysRefresh":false,"showFog":true,"showSkybox":true,"showFlares":true,"showImageEffects":true,"showParticleSystems":true,"showVisualEffectGraphs":true,"m_FxEnabled":true},"in2DMode":false,"pivot":{"x":3.148195505142212,"y":0.9426099061965942,"z":-1.8937549591064454},"rotation":{"x":-0.007718734443187714,"y":0.9881801009178162,"z":-0.14360201358795167,"w":-0.05311570689082146},"size":2.9645988941192629,"orthographic":false}